评论者姓名,评论时间,评论点赞数,评论者IP归属地,性别,评论者关注数,评论者粉丝数,评论内容
极速拍档-Jacky,2024-04-23 12:11:49,109,来自山东,男,579,267万,怎么样? 排面拉得满不满? 各位29号欢迎来到车展打卡集邮!  最初大家都不信做运动轿车能成，但我坚信，只是因为这个需求没被满足，并不是没有。
Brothers兄弟帮,2024-04-23 11:13:41,48,来自广东,男,345,65,竟然有jacky@极速拍档-Jacky
繁华依旧522,2024-04-23 11:05:25,27,来自江西,男,362,319,大家25日9时30分看雷总直播
Sky_ID,2024-04-23 11:10:17,37,来自北京,男,660,150,@极速拍档-Jacky su7和帝豪哪个好）不是
京东手机通讯,2024-04-23 11:04:59,29,来自北京,男,240,511.7万,什么！要抽su7？？？
指法芬芳张大z,2024-04-23 11:00:33,12,来自河北,女,823,253,转发抽一台小米SU7？？？
MI赵逸尘,2024-04-23 11:01:27,6,来自河北,男,249,7716,偶遇雷总，然后合照签名
风再吹大点啊,2024-04-23 17:13:33,3,来自湖北,男,173,161,不错不错
阿姨我不想努力了丨,2024-04-23 15:14:02,4,来自浙江,男,189,13,我以为抽一台su7
passion_abcd,2024-04-23 15:49:57,2,来自河南,男,1303,2044,期待
迟早都是富婆的,2024-04-23 13:53:06,2,来自江西,女,546,444,
烛光照亮了晚餐_,2024-04-23 13:11:17,1,来自广西,女,267,96,小米小米
研机大侠,2024-04-23 11:39:45,1,来自河北,男,231,68,期待
科技第壹线,2024-04-23 12:17:21,2,来自四川,男,62,0,这不抽一辆小米su7啊
玛丽莲胖露露,2024-04-23 14:35:06,1,来自内蒙古,女,137,258,加速啊加速！我要开我的su7！！！
笨的真是可以,2024-04-23 11:07:28,2,来自浙江,男,2309,1.7万,正好有几天假期重合，应该会非常的热闹的。
要怎么好好说再见_,2024-04-23 11:00:42,1,来自山西,男,154,8,我来了
平新时代,2024-04-24 16:44:13,1,来自湖北,女,476,22,在W2馆·W203展位等你打卡！
特战狼牙2011,2024-04-24 16:22:29,1,来自广东,男,831,657,期待
_fi妹,2024-04-24 09:46:47,1,来自广东,女,4678,21,爱了爱了
木凤马牛,2024-04-23 23:37:20,2,来自北京,男,457,190,4. 28号见啦，期待小米整花活
godNico,2024-04-23 23:13:26,1,来自陕西,男,485,149,
Clarke7,2024-04-23 21:24:33,1,来自湖北,男,75,58,25号提醒我@小米汽车 @雷军
好运少卿锦鲤,2024-04-23 20:32:07,1,来自浙江,女,910,605,小米SU7全系9色
天青等烟雨forever,2024-04-23 18:12:50,1,来自天津,男,201,198,试试真抽假抽
嘉树28,2024-04-23 17:48:22,1,来自天津,男,1072,28,太酷啦
野风danny,2024-04-23 16:52:27,1,来自广东,男,458,75,精辟见解让人眼前一亮，犹如夏日凉风，深感赞同，笑声连连。持续关注，静待君下篇神评降临！
1木瓜奶昔1,2024-04-23 16:47:11,1,来自北京,男,5040,691,转发微博
国王大年二十九,2024-04-23 16:08:54,1,来自北京,男,657,231,
AdamZheLevine,2024-04-23 16:02:20,1,来自天津,男,103,7,su7确实好，但是我想要小米14
黄金万两孙富贵,2024-04-23 15:40:32,1,来自上海,女,1382,659,抽送一台保时米吧
纪宝宝不想长大,2024-04-23 15:32:03,1,来自江苏,女,313,259,好
米米饭饭啊,2024-04-23 15:20:27,1,来自山东,男,416,89,支持小米支持小米
战鍟-杨,2024-04-23 15:16:28,1,来自浙江,男,174,198,大彩蛋
linno0,2024-04-23 14:57:57,1,来自广东,男,2021,200,666
小米手机9999,2024-04-23 14:56:23,1,来自山东,男,292,56,祝小米汽车大卖
润彩虹888,2024-04-23 14:51:14,2,来自辽宁,男,134,61,小米汽车最棒
CC丶沉香,2024-04-23 14:48:24,3,来自山东,男,111,5,来了
江小熠熠,2024-04-23 14:20:30,3,来自广东,男,50,23,期待
Rode罗德,2024-04-23 14:06:00,2,来自广西,男,166,165,期待周四雷总更多小米汽车爆料
发财鸟88888888,2024-04-23 14:03:15,1,来自福建,男,359,5,评论
往事如烟丶blue,2024-04-23 12:37:30,1,来自中国,男,241,13,北京车展见@小米汽车 @雷军
组长Will,2024-04-23 12:29:13,1,来自山东,男,2325,1611,小米汽车的活动，产品定位、智能座舱、机械素质。
-吴知颖-,2024-04-26 01:19:34,0,来自广东,男,881,6715,牛！
漂泊yoi,2024-04-26 00:05:19,0,来自江西,男,611,79,#小米SU7#
四十六日相逢,2024-04-25 22:01:28,0,来自江苏,女,314,253,北京车展
春生远舟行,2024-04-25 21:48:16,0,来自江苏,女,403,342,
山灰2020,2024-04-25 21:04:11,0,来自四川,男,685,627,好好好
ctae-,2024-04-25 18:12:15,0,来自北京,女,305,75,转发抽一台小米SU7？？？
可爱的小脑袋0228,2024-04-25 17:27:09,0,来自安徽,女,390,7,转发微博
YaoYoYoREDChiLLi,2024-04-25 17:19:45,0,来自内蒙古,女,699,713,转发微博
JieGeMeizuironpowder,2024-04-25 16:54:00,0,来自广东,男,886,552,雷军
Hittherealthing,2024-04-25 16:19:19,0,来自安徽,女,1365,574,
蜜炼川贝枇杷高_,2024-04-25 16:07:59,0,来自河南,男,216,359,我我我
儒雅的一个人呀,2024-04-25 15:13:31,0,来自广东,男,758,341,好
红尘炼心在人间,2024-04-25 14:25:44,0,来自河南,女,928,568,太棒了
顾_童鞋,2024-04-25 14:08:45,0,来自四川,男,678,439,
时来运转好运锦鲤,2024-04-25 13:46:45,0,来自广东,女,1077,9,小米SU7全系9色
鲤好_jiayou_a,2024-04-25 13:00:08,0,来自安徽,男,850,164,冲冲冲
雨依然夜,2024-04-25 12:52:23,0,来自广东,男,524,1458,热度持续上升
天使爱蛋蛋,2024-04-25 12:37:19,0,来自安徽,男,2493,1.9万,转发微博
勤奋许诺,2024-04-25 11:27:05,0,来自重庆,女,445,200,转发微博
·寂寞星球的玫瑰·,2024-04-25 10:29:12,0,来自新疆,女,588,325,
你担玫了_,2024-04-25 10:05:22,0,来自重庆,男,475,5813,送一台手机哇，我看成送一台su7
一只超级可爱的,2024-04-25 10:01:09,0,来自吉林,女,500,1273,我来试试
啤酒兑鸡蛋,2024-04-25 09:58:49,0,来自北京,男,1023,242,酷
薇WIF,2024-04-25 09:53:16,0,来自湖南,男,5725,1598,#小米SU7#北京车展发布会见
时来运转好运锦鲤,2024-04-25 09:52:17,0,来自广东,女,1077,9,期待
起名困难症十级患者,2024-04-25 09:34:44,0,来自北京,女,455,325,拉低中奖率
半芷汀煙,2024-04-25 09:19:43,0,来自浙江,女,334,80,抽我
Rumble隆隆,2024-04-25 09:13:24,0,来自北京,男,124,12,啊呦OK？
有梦不难去闯,2024-04-25 08:37:07,0,来自辽宁,男,5822,416,期待
栗鸭鸭,2024-04-25 08:23:30,0,来自浙江,女,242,3091,
是KK家的老曦啊,2024-04-25 07:46:28,0,来自四川,女,840,957,@是yangkk呀 快快快哈哈哈
无糖饼干阿,2024-04-25 06:42:07,0,来自北京,男,995,728,期待期待
杰果很好ya,2024-04-25 03:43:27,0,来自广东,男,811,353,好
白羊DV,2024-04-25 01:01:08,0,来自福建,女,372,110,可以送我一台小米su7嘛
水瓶座的自由,2024-04-25 00:31:46,0,来自广东,女,1326,764,小米
一路奔富龘龘龘,2024-04-25 00:30:38,0,来自河北,女,787,38,4.28见
我是杰之傑,2024-04-25 00:09:23,0,来自广东,男,886,171,有机会
杰之jack,2024-04-25 00:05:43,0,来自广东,男,2833,583,帅
一个心怀机车梦的男孩,2024-04-24 22:54:41,0,来自广东,男,783,1284,明天见
撒嘟撒嘟-,2024-04-24 22:42:04,0,来自广东,女,905,230,转发微博
吾润物无声,2024-04-24 22:27:51,0,来自安徽,男,990,359,好运啊
先瘦下来再改网名,2024-04-24 21:44:41,0,来自山东,男,661,293,狠狠期待了
行笑笑_邢笑雨,2024-04-24 18:13:59,0,来自北京,女,75,1026,4.27姐们们直播见呀
_捞乜都掂_,2024-04-24 18:13:00,0,来自广东,男,324,799,九色亮相！
原來妳也在這里丶,2024-04-24 16:51:23,0,来自新疆,男,2284,361,小米大卖
蓝猫爱吃小黄鱼,2024-04-24 16:46:12,0,来自湖北,男,25,29,转发
Venchimii,2024-04-24 16:21:10,0,来自江西,女,75,2,我势在必得啊啊啊啊啊啊
Venchimii,2024-04-24 16:21:01,0,来自江西,女,75,2,我势在必得
钓大鱼行大运,2024-04-24 16:17:13,0,来自辽宁,男,1355,958,试试
地球另一端-,2024-04-24 16:02:06,0,来自陕西,男,1459,979,支持su7
Aliciasfafengbiji,2024-04-24 15:57:45,0,来自广西,女,1495,36,转发微博
cuikna,2024-04-24 13:16:48,0,来自河南,男,161,37,转发微博
青山行健,2024-04-24 12:38:03,0,来自安徽,男,988,294,北京车展来了
欧气的云朵儿,2024-04-24 12:24:38,0,来自安徽,女,4900,904,我可以
施工队长,2024-04-24 12:19:24,0,来自北京,女,704,50,万一呢
Shawn_Vincent,2024-04-24 12:12:08,0,来自河北,男,342,147,
柚子很哇塞uu,2024-04-24 12:04:47,0,来自上海,女,261,1580,
幸福伊点,2024-04-24 12:02:21,0,来自广西,女,904,365,
只有中了五百万才能解救的生命,2024-04-24 11:55:25,0,来自湖南,男,793,408,
八月追着阳光,2024-04-24 11:27:50,0,来自广西,女,846,70,
逛吃逛咥长安City,2024-04-24 11:05:25,0,来自陕西,女,404,8132,飞得够高够远，耐用足够安心
鲨鱼辣椒暴K卡布达,2024-04-24 10:59:19,0,来自上海,男,1260,171,牌面拉满
AutoDang剑扬,2024-04-24 10:48:15,0,来自广东,男,1744,17.9万,期待现场见证雷布斯发布会。
路飛同學-,2024-04-24 10:20:16,0,来自贵州,男,290,530,
吾是如此,2024-04-24 09:37:56,0,来自河南,男,310,354,年轻人的第一辆汽车
当你只道是寻仙,2024-04-24 09:17:28,0,来自甘肃,男,4818,191,小米加油！
CongCong929,2024-04-24 09:06:18,0,来自天津,女,1136,454,
CenTauR_L,2024-04-24 08:57:53,0,来自福建,男,614,164,转扩抽
清晨回笼做了梦y,2024-04-24 08:52:06,0,来自山西,女,944,66,期待
熊本熊的熊本熊的熊,2024-04-24 08:32:27,0,来自福建,男,20000,533,加油！
Ujn_JunJun,2024-04-24 08:32:13,0,来自上海,女,399,319,来了
CD有心人,2024-04-24 08:26:37,0,来自四川,男,441,67,小米SU7大卖！
快--闭眼听风,2024-04-24 08:24:05,0,来自重庆,男,1165,323,抽个折叠吧
爱吃汉堡的兔八果,2024-04-24 08:17:40,0,来自上海,男,939,1万,好奇这次有什么新玩意儿
金侦探,2024-04-24 08:12:08,0,来自宁夏,男,448,225,
湖北热心好市民,2024-04-24 08:06:01,0,来自湖北,女,450,16,
应聘晶澳鄂尔多斯基地,2024-04-24 07:49:17,0,来自河北,男,199,184,感谢大家关注小米
霍格沃茨在逃黑巫师_,2024-04-24 07:45:23,2,来自山东,男,75,1,期待
HF北风,2024-04-24 07:42:31,0,来自北京,男,174,9,期待雷总
一条快要被忘记了的锦鲤,2024-04-24 07:10:28,0,来自河北,男,643,3150,打卡
夏宇生花,2024-04-24 06:45:50,0,来自陕西,男,855,223,最爱熔岩橙
最完美的徐先生,2024-04-24 06:29:25,0,来自安徽,男,103,1465,小米酥妻  我的爱妻
殿下好帅,2024-04-24 02:30:20,0,来自上海,女,1194,2.8万,宣我
丁emo一,2024-04-24 01:56:29,0,来自北京,男,240,283,
hdzxlxf,2024-04-24 01:25:26,0,来自江苏,女,972,191,哈喽
汉东大学祁同伟,2024-04-24 01:22:52,0,来自辽宁,男,702,79,雷总啊
VvwvA,2024-04-24 01:22:24,0,来自辽宁,女,344,5,雷总
王雨禅,2024-04-24 00:48:58,0,来自北京,男,124,4.9万,求中奖
小米中国梦,2024-04-24 00:22:51,0,来自江苏,男,916,561,期待小米汽车北京车展
lO24陇尚科技,2024-04-24 00:05:05,0,来自甘肃,男,570,592,转发微博
屁屁颠喽,2024-04-23 23:44:19,0,来自广东,女,1221,3,支持一下
空蛹出蝶-zoe,2024-04-23 23:41:05,0,来自山西,女,264,458,小米牛🍻！
抱抱小海豹,2024-04-23 23:36:11,0,来自四川,女,2038,226,好哇
西航小丑皇_i,2024-04-23 23:32:14,0,来自陕西,男,120,219,车展我就不去了，小米14麻烦发一下货
丸柿星,2024-04-23 23:27:03,0,来自河南,女,998,613,Repost
Yang_楊谨鸿,2024-04-23 23:21:57,0,来自广东,男,3650,466,
杨杨得意53,2024-04-23 23:01:12,0,来自四川,女,1984,135,好勒
厌倦打工摆烂版,2024-04-23 23:00:56,0,来自四川,男,850,68,好
来去_之夹,2024-04-23 22:57:30,0,来自陕西,男,983,17,
向上的小八同学,2024-04-23 22:54:57,0,来自湖北,男,890,1363,冲吧
HolySamz_,2024-04-23 22:48:16,0,来自广西,男,796,294,北京车展！！！
吉星小锦鲤,2024-04-23 22:38:47,1,来自山东,男,2235,287,我
蜜瓜几何,2024-04-23 22:37:50,0,来自广东,男,890,991,
比邻星JKL,2024-04-23 22:34:54,0,来自河南,女,200,115,期待期待
一定会成为富婆的-,2024-04-23 22:34:47,0,来自浙江,女,708,630,
沉静度狠稳,2024-04-23 22:31:32,1,来自四川,女,1366,1315,
谜仔Virgo,2024-04-23 22:30:34,0,来自广东,男,1236,1171,小米su7
马里亚纳的企鹅,2024-04-23 22:25:45,0,来自北京,男,64,29,希望能到现场！
雷总的小荔枝,2024-04-23 22:24:57,0,来自广东,女,139,116,期待
明天起来跑步,2024-04-23 22:23:33,0,来自江苏,男,40,22,好
豪气干云蔺无双,2024-04-23 22:22:05,0,来自云南,男,782,183,以为送小米SU7呢
Saney的大宝贝,2024-04-23 22:19:32,0,来自湖北,女,2660,199,期待
穿着校服去抢劫,2024-04-23 22:19:15,0,来自福建,男,466,31,
肉包包包包包包包包包,2024-04-23 22:16:06,0,来自江苏,女,503,184,转发微博
Acuerate-闻而如声,2024-04-23 22:14:35,0,来自辽宁,男,550,1221,
月光下蒲公英在歌唱,2024-04-23 22:10:59,0,来自广西,女,546,2,
YoungJiSi,2024-04-23 22:09:37,0,来自湖北,男,708,978,🚗
南方emmmmm,2024-04-23 22:03:39,0,来自广东,男,868,32,我的su7
mqMesse,2024-04-23 21:55:00,0,来自广东,女,593,27,期待
王校长别开枪是我,2024-04-23 21:54:29,0,来自江苏,男,948,672,
链上舆情,2024-04-23 21:53:29,0,来自上海,女,2249,6.4万,冲~
阿喵包,2024-04-23 21:50:05,0,来自江西,女,938,435,哦呦
大江大河大理想_,2024-04-23 21:47:15,0,来自江苏,男,599,112,
坚果晨-,2024-04-23 21:44:25,0,来自山东,女,371,28,
甜甜圈小小林,2024-04-23 21:43:40,0,来自广西,女,828,35,
初见-先生-,2024-04-23 21:40:08,0,来自北京,男,379,272,转发微博
节奏依然,2024-04-23 21:32:16,0,来自重庆,男,900,2000,
初见-先生-,2024-04-23 21:31:51,0,来自北京,男,379,272,转发微博
Ligt,2024-04-23 21:29:01,0,来自四川,男,444,9026,加油
未来可期要努力加油,2024-04-23 21:28:28,0,来自广东,女,5897,1811,
_了了晴山见__,2024-04-23 21:27:58,0,来自河南,女,285,17,好
阿拉蕾吃火锅就开心,2024-04-23 21:22:44,0,来自广西,女,881,43,
三小弥,2024-04-23 21:17:32,0,来自浙江,男,1567,27,
麦芽糖甜甜哒,2024-04-23 21:12:48,0,来自广东,女,155,1189,送我一台小米14
爱不完米奇,2024-04-23 21:02:56,0,来自辽宁,女,1478,5534,。
圆梦星城,2024-04-23 20:56:22,0,来自湖南,男,2266,1476,大卖
爱睡觉的绒绒,2024-04-23 20:56:05,0,来自广东,男,467,32,来一台
黎明天上嫩云幾朵,2024-04-23 20:36:36,0,来自浙江,女,302,2,
纳_魔,2024-04-23 20:34:44,0,来自四川,男,8,0,转发微博
MI-靓仔爱喝生椰拿铁Pro,2024-04-23 20:34:33,0,来自山西,男,907,233,查收
在德风古道吃叉烧包,2024-04-23 20:34:03,0,来自重庆,女,10170,1143,
冲浪凭良心,2024-04-23 20:30:58,0,来自四川,男,1163,136,再次大放异彩
長田狐狸君,2024-04-23 20:26:18,0,来自四川,女,510,270,晓得咯
二毛_脑洞大开,2024-04-23 20:24:25,0,来自北京,男,381,215,
评论员特约,2024-04-23 20:19:14,0,来自福建,女,52,1,漂亮
在德风古道吃叉烧包,2024-04-23 20:18:32,0,来自重庆,女,10170,1143,
不知名der网友,2024-04-23 20:12:17,0,来自福建,女,262,125,414
问我好666,2024-04-23 20:12:08,0,来自新疆,男,1496,47,不过听说旁边就是吉利？
邓肉伊,2024-04-23 20:12:05,0,来自四川,男,6617,1455,尊嘟假嘟哦，那我可来拉低中奖率了
我跳起来一八三,2024-04-23 20:08:24,1,来自广东,男,246,275,当分母
一路奔富龘龘龘,2024-04-23 20:06:57,0,来自河北,女,787,38,期待
90后的朱先森,2024-04-23 20:06:40,0,来自浙江,男,884,9911,中
金汤风,2024-04-23 19:59:28,0,来自上海,男,1541,704,不错
应为海棠红,2024-04-23 19:57:40,0,来自山东,女,3053,114,转发微博
小香味儿-,2024-04-23 19:56:13,0,来自浙江,女,56,1087,打卡
幸福女人财神进门,2024-04-23 19:56:11,0,来自四川,女,368,110,小米大卖！
幸福女人财神进门,2024-04-23 19:55:51,0,来自四川,女,368,110,我！
XPERIA-garden,2024-04-23 19:54:25,0,来自广东,男,1825,866,哇
微凉之后,2024-04-23 19:52:23,0,来自四川,女,305,553,好酷呀
爱喝美式不加糖,2024-04-23 19:45:42,0,来自四川,女,149,40,转发微博
唯爱赵子龙三国无双,2024-04-23 19:45:11,0,来自广东,男,583,1348,小米
空气的空,2024-04-23 19:44:13,0,来自湖南,男,1128,273,国产必须雄起！
米兰泰山V5,2024-04-23 19:44:13,0,来自山东,男,2497,7317,
蟹老板Jackarroy,2024-04-23 19:42:35,0,来自湖南,女,373,287,帅帅帅
咖啡狂热分子_草生,2024-04-23 19:37:52,0,来自山东,男,436,67,
月辰ye,2024-04-23 19:37:15,0,来自浙江,男,1103,129,转发微博
隶能科技,2024-04-23 19:35:10,0,来自河北,男,1187,267,找你
清酒无隐27,2024-04-23 19:33:55,0,来自重庆,男,346,9,等你打卡
就问你睡不睡,2024-04-23 19:29:34,0,来自四川,男,781,371,雷总是真送啊，送我吧，雷总我爱你，不想等红米汽车了
中了锦鲤的毒,2024-04-23 19:25:00,0,来自天津,男,2067,1340,假期
Mr_愉生,2024-04-23 19:23:30,0,来自江苏,男,1580,127,期待
教练OZZY,2024-04-23 19:21:05,0,来自天津,男,1770,88,雷叔，下一款什么样子的
开心快乐锦鲤,2024-04-23 19:20:26,0,来自河北,男,2854,1066,查收
按住时光_,2024-04-23 19:18:16,0,来自上海,男,2050,1041,抽一台
周崇宇-,2024-04-23 19:14:52,0,来自安徽,男,513,1124,小米14
美好的事情一定可以发生在我身上,2024-04-23 19:07:01,0,来自江苏,女,3913,182,
2024暴富的小锦鲤,2024-04-23 19:06:54,0,来自重庆,女,2584,31,小米汽车优秀
joreap,2024-04-23 19:03:47,0,来自湖南,女,230,55,什么！要抽su7？？？
在杯沿上,2024-04-23 19:01:11,0,来自浙江,男,947,7,转发微博
小萝历险记,2024-04-23 18:56:52,0,来自北京,女,435,1754,熟悉的配方
王大陆Steve,2024-04-23 18:47:39,0,来自浙江,男,104,52,帅气
Berry要加油吖,2024-04-23 18:45:48,0,来自天津,女,813,621,谢谢☺️
爱越野的青阳丽珠,2024-04-23 18:45:27,0,来自安徽,男,510,1515,酷
AWC翔子,2024-04-23 18:43:51,0,来自陕西,男,1354,283,期待(✧∀✧)
大聪明从小就欧皇,2024-04-23 18:36:00,0,来自湖北,女,778,43,好好好
是赵明不是电灯泡,2024-04-23 18:32:03,0,来自湖南,男,301,1086,#小米SU7#
mqMesse,2024-04-23 18:29:08,0,来自广东,女,593,27,哇，期待
长大也很可爱呀,2024-04-23 18:28:16,1,来自河南,女,523,519,好的
跳伞耶斯,2024-04-23 18:24:39,0,来自广东,女,438,12,听雷总说
太空堡垒1985,2024-04-23 18:21:58,0,来自北京,男,20000,3400,车站啊！
洛水渭,2024-04-23 18:19:52,0,来自重庆,男,153,1,偶遇
to二狗子Doggy,2024-04-23 18:19:44,0,来自浙江,男,1514,916,哈哈
拨雪寻春燃灯续白昼,2024-04-23 18:17:41,0,来自安徽,女,103,59,期待雷总的演讲！
深夜食堂突围赛选手,2024-04-23 18:12:23,1,来自广东,男,596,1048,年轻人的第一台跑车
衍武,2024-04-23 18:11:21,0,来自山东,男,325,60,转发微博
-韭韭不释怀-,2024-04-23 18:04:24,0,来自北京,男,259,73,为啥不用微博抽呢，内定了？
锦鲤白小鱼,2024-04-23 18:04:17,0,来自四川,男,398,61,
殿下好帅,2024-04-23 18:03:27,0,来自上海,女,1194,2.8万,转发微博
平行时空的小刀,2024-04-23 18:00:25,0,来自北京,女,1970,454,车展见
Saney的大宝贝,2024-04-23 17:59:56,0,来自湖北,女,2660,199,期待
无铭的移动城堡V,2024-04-23 17:55:03,0,来自山东,男,237,99,看看能不能抽中
允在5,2024-04-23 17:47:40,0,来自中国,男,530,107,太帅啦
Eatin饱饱开出blink大奖,2024-04-23 17:43:44,0,来自上海,女,6615,593,抽
LinHwywin,2024-04-23 17:43:04,0,来自辽宁,男,707,10,期待下
白给的麻雀,2024-04-23 17:40:06,0,来自福建,男,115,7,越来越好
吉-宝宝,2024-04-23 17:39:57,0,来自上海,女,2610,47,
1WEN-TING1,2024-04-23 17:38:45,0,来自广东,女,1332,75,卡
獨男嚎月,2024-04-23 17:34:30,0,来自广东,男,347,1027,小米SU7全系9色，首次集体亮相。
蜜汁舒克,2024-04-23 17:33:02,0,来自北京,女,529,127,支持起来
聪HUGH-,2024-04-23 17:27:20,1,来自广东,男,491,1526,天选之人
永远下潜中,2024-04-23 17:26:56,0,来自江苏,男,334,59,来了
不瘦到119斤不改名,2024-04-23 17:26:53,0,来自安徽,女,278,109,期待
可爱的小脑袋0228,2024-04-23 17:26:12,0,来自安徽,女,390,7,北京车展来啦
SaruNyan丶,2024-04-23 17:24:18,0,来自浙江,女,838,634,6
原来是小白哈,2024-04-23 17:23:23,0,来自安徽,男,128,163,加油
诺-简单,2024-04-23 17:22:20,0,来自广东,女,744,58,准时收看哦
海边少年杨,2024-04-23 17:18:37,0,来自广东,男,282,7,期待小米汽车SU 7 珍珠白亮相
柠檬三分甜-,2024-04-23 17:18:29,0,来自河南,女,459,463,
想在日落前说你听,2024-04-23 17:17:46,0,来自湖北,男,295,769,大麦
月华三十,2024-04-23 17:16:29,1,来自北京,男,207,107,太漂亮了
有何不可-sty1e,2024-04-23 17:15:47,0,来自浙江,男,872,1446,打卡
做一场梦f,2024-04-23 17:13:25,0,来自山东,男,60,3,
贪图享乐无良心,2024-04-23 17:11:47,0,来自江苏,女,228,522,66
勇敢无敌简单亮亮,2024-04-23 17:01:13,0,来自河南,女,180,7,转发微博
未来的路很长别迷茫,2024-04-23 17:00:01,0,来自江苏,女,609,4,好呀好呀
再熬夜黑眼圈就比眼睛还大了,2024-04-23 16:59:58,0,来自四川,女,210,57,抽我
月辰ye,2024-04-23 16:59:41,0,来自浙江,男,1103,129,转发微博
再熬夜黑眼圈就比眼睛还大了,2024-04-23 16:59:38,0,来自四川,女,210,57,转发抽一台su7
衾酉,2024-04-23 16:58:10,0,来自北京,女,353,618,抽我
在暗中是温暖的,2024-04-23 16:54:38,0,来自广东,男,148,28,雷总v5
粉丝权微,2024-04-23 16:54:25,0,来自广东,男,1341,578,
虎牙搜Skr岛岛,2024-04-23 16:51:40,0,来自广东,男,607,39,66666
鄭海純,2024-04-23 16:50:28,0,来自福建,男,894,1705,硬！
JGao16,2024-04-23 16:48:08,0,来自北京,男,1253,1008,红米变小米，全靠小编你
PerfectV21,2024-04-23 16:47:58,0,来自广东,男,482,1,支持小米汽车
热情木马,2024-04-23 16:41:00,0,来自广东,男,3386,4027,我在这里呢
Aliciasfafengbiji,2024-04-23 16:40:41,0,来自广西,女,1495,36,转发微博
做一只潦草小狗,2024-04-23 16:40:30,1,来自江苏,女,355,311,好好好给我抽一个14
x猪猪52,2024-04-23 16:39:39,0,来自广东,男,2091,57,
梁佬師,2024-04-23 16:33:39,0,来自广东,男,1543,1万,不错不错
有只兔子竟然,2024-04-23 16:30:45,0,来自江苏,女,852,120,转发微博
宽0703,2024-04-23 16:30:32,0,来自河北,男,922,513,转发微博
不tan_恋爱,2024-04-23 16:29:26,0,来自山东,男,520,363,有票吗
mc_nng_block,2024-04-23 16:28:40,0,来自江西,男,333,57,北京车展！
家有肥猫08,2024-04-23 16:28:36,0,来自天津,女,1195,122,
平凡村民B,2024-04-23 16:27:10,1,来自浙江,男,471,86,送我
佈得佈懂,2024-04-23 16:25:24,0,来自浙江,男,243,4,小米真棒👏🏻
花堪须折,2024-04-23 16:23:32,0,来自上海,女,3028,254,转发微博
大江往西流,2024-04-23 16:23:24,0,来自广东,男,424,183,坐等广州车展
小轶冲冲冲,2024-04-23 16:23:10,0,来自北京,男,199,187,抽我
M-VAN,2024-04-23 16:21:58,0,来自天津,男,2017,307,
成果小果子,2024-04-23 16:21:10,0,来自安徽,男,1522,413,冲冲冲
下次见面能给我口吗,2024-04-23 16:20:07,0,来自上海,男,203,5,试试
玲娜啵儿,2024-04-23 16:19:09,0,来自江苏,女,443,20,我中奖了
陈子恒1995,2024-04-23 16:18:15,0,来自上海,男,645,123,抽我抽我
Blink-小胖手,2024-04-23 16:15:52,0,来自山西,男,384,160,永远相信美好的事情即将发生！
风痕健行,2024-04-23 16:13:20,0,来自山东,男,354,1.3万,2024年新计划，SUV来了？
KingMars,2024-04-26 04:13:49,0,来自广东,男,1495,481,抽！
平凡人生活198312,2024-04-26 03:33:57,0,来自广东,女,110,1,#小米SU7##2024北京车展#所有人都在狂欢，只有我一个人孤独的喝着酒，回忆回忆一下
骑摩托的狮子王,2024-04-26 03:00:59,0,来自湖南,女,190,200,是吗
咕叽咕叽大申儿,2024-04-26 02:36:11,0,来自海南,女,1470,33,转发微博
尽在不言中25608,2024-04-26 02:23:52,0,来自新疆,男,212,19,赞赞赞
尽在不言中25608,2024-04-26 02:23:42,0,来自新疆,男,212,19,赞
2024喜乐安康无忧无虑,2024-04-26 02:22:28,0,来自黑龙江,女,3332,205,#小米SU7##2024北京车展#来了
wzzlzlwz,2024-04-26 02:09:28,0,来自湖北,女,1754,186,#小米SU7##2024北京车展#
查看规则_-,2024-04-26 01:59:59,0,来自云南,女,58,0,#小米SU7##2024北京车展#
杨小怂要快乐吖,2024-04-26 01:32:06,0,来自新疆,女,145,179,🀄️一个小米手机📱
天天开心耶耶耶111,2024-04-26 01:13:05,0,来自广东,男,3967,1014,小米
福气欧王,2024-04-26 01:12:42,0,来自广东,男,1506,60,来了
幸福感i个i,2024-04-26 00:57:36,0,来自江西,男,579,2,小米14
墨明棋妙的小米,2024-04-26 00:57:31,0,来自新疆,男,2938,607,大麦
7788055860_454,2024-04-26 00:46:48,0,来自湖北,女,1167,1,#小米14# 🧡📱
南宫牧月,2024-04-26 00:40:56,0,来自湖北,女,40,3,#小米14# 🧡📱
刘哈哈的心上人0704,2024-04-26 00:32:54,0,来自四川,男,176,219,转发微博
l微博好友l,2024-04-26 00:26:34,0,来自广东,男,865,75,嗯
